customer_id,first_name,last_name,email,city
1,Erika,Gardner,tjackson@example.net,Aaronshire
2,Mary,Green,doylelaurie@example.com,Amandaberg
3,Christina,Miller,wilsonkelly@example.com,Port Jason
4,Kristen,Jones,perezsteven@example.net,Port Julia
5,Benjamin,Levine,vincent09@example.com,East Christophertown
6,Chad,Gomez,karlahampton@example.com,New Maryland
7,Meghan,Harris,xmoyer@example.net,Amytown
8,Adam,Hensley,okeller@example.org,Thomasfort
9,Donna,Woods,nicholas80@example.org,South Ashley
10,Andrea,Mcdonald,stewartallen@example.net,Johnsonton
11,Christina,Berger,rachel34@example.org,East Lisa
12,Andrew,Ramsey,cooperbryan@example.org,Sandovalmouth
13,Deborah,Sims,bdavis@example.com,New Mariebury
14,Pamela,Murphy,janet78@example.com,East Marcus
15,Alyssa,Hunter,nancyrice@example.org,New Travis
16,William,Rice,jmccormick@example.net,Thompsontown
17,Mikayla,Hamilton,ehawkins@example.net,Lake Christopherport
18,Jenny,Bell,williamsanthony@example.com,South Darinmouth
19,Jonathan,Fletcher,tiffany21@example.com,Aaronside
20,William,Crawford,millerjoseph@example.net,Bellhaven
21,Mitchell,Adams,xthomas@example.net,Bridgesborough
22,Joel,Baker,imorgan@example.org,Nguyenville
23,Rachel,Rojas,elizabeth24@example.com,Andreaport
24,Zachary,Pitts,megan36@example.org,Carrieton
25,Linda,Wallace,richardfernandez@example.org,West Lukeshire
26,Melvin,Mercer,nrogers@example.com,North Rachel
27,Amy,Jensen,bperry@example.com,North Anthonyborough
28,Kristin,Gould,mary13@example.org,Susanmouth
29,Roger,Ramos,travishaley@example.com,New Anthony
30,Debra,Smith,rebeccaharris@example.com,New Nicholasburgh
31,Tina,Smith,bryanalbert@example.com,Michellemouth
32,Jessica,Neal,rodriguezmichelle@example.net,Allenmouth
33,Brandon,Lewis,freemanbonnie@example.org,Lake Joseport
34,Daryl,Joyce,ulopez@example.org,East Daisy
35,Tiffany,Daniels,stoutmatthew@example.com,Michaelhaven
36,Steven,Green,roger14@example.com,West Brianburgh
37,Abigail,Camacho,jill19@example.org,Stephanieport
38,Jacob,Hoover,bwise@example.org,Fordborough
39,Scott,Jones,nancybaker@example.com,Joshuatown
40,Lisa,Lee,kathryn01@example.net,Stevenville
41,Brandon,Bennett,rtaylor@example.com,West Jonathan
42,Dana,Fields,harold31@example.com,South Andrew
43,Victor,Hall,wyatttiffany@example.net,Erinside
44,Brian,Fields,kathleen14@example.org,Alejandromouth
45,Vickie,James,elizabethmurray@example.net,Walshchester
46,Mark,Cochran,smithmercedes@example.net,Larrymouth
47,Cody,Curry,carloswilliams@example.net,Ethanburgh
48,Kelsey,Fowler,maria02@example.net,South Tracyshire
49,Carmen,Vasquez,carlamcclure@example.net,North Danielle
50,Michael,Bauer,bryan83@example.net,South Gary
51,Michele,Robinson,danielledean@example.com,Laurentown
52,Johnny,Jones,hamptonashlee@example.net,Bryanfort
53,Ana,Hicks,robert43@example.net,New James
54,William,Shaw,oscott@example.net,East Jason
55,John,Thompson,samantha91@example.com,Port Catherine
56,Jacob,Jones,jason92@example.com,Millsfort
57,Cynthia,Rodriguez,johnsonbrianna@example.org,West Michael
58,Adam,Roman,stephanieadams@example.org,Ashleyborough
59,Andrew,Crawford,snguyen@example.org,Lake Gregory
60,Xavier,Woodward,khansen@example.org,Joanbury
61,Jared,Morgan,hector03@example.com,West Toddmouth
62,Matthew,Silva,dortiz@example.com,North Richardfurt
63,Katie,Wilson,brandi96@example.net,Dannyshire
64,Richard,Lewis,brendayoung@example.com,East Connorton
65,David,Mcneil,ssmith@example.net,Annemouth
66,Steven,Mills,campbellmichael@example.com,East Paigechester
67,April,Baxter,raymond13@example.net,Reynoldsbury
68,Kimberly,Campbell,marcus90@example.com,Debraland
69,Betty,Mcclain,rodgerswayne@example.org,Rebeccashire
70,Jeffrey,Harvey,melissasanchez@example.com,Davidmouth
71,Wendy,Murphy,zflores@example.org,Lawrencetown
72,George,Alexander,kathleengriffith@example.org,East Veronicaside
73,Ashley,Reed,stevenlucas@example.org,Harrytown
74,Jennifer,Wright,amysmith@example.net,East Ryan
75,Brandi,Williams,christopherkelley@example.org,Port Grace
76,Joseph,Humphrey,rodriguezdavid@example.com,South Denise
77,Amy,Thompson,rodriguezdalton@example.com,Sanchezside
78,Jose,May,susanlopez@example.org,South Cynthia
79,Courtney,Mercer,ryanwright@example.org,New Lisaland
80,Rebecca,Ross,adouglas@example.org,West Kevin
81,Stephanie,Anderson,oriley@example.net,Davidport
82,Erika,Gonzalez,ostrong@example.com,West Jeffery
83,Michael,Duncan,qwilliams@example.org,Reidtown
84,Jennifer,Sexton,ssanchez@example.com,North Gregoryland
85,Michelle,Chapman,aross@example.org,South Jessica
86,Kathryn,Trujillo,jonessusan@example.org,Sarahberg
87,Misty,Gregory,williamsjason@example.net,Lake Amber
88,Scott,Smith,xjackson@example.org,Robinsonfurt
89,Edward,Stevenson,mbradshaw@example.net,Lake Brenda
90,Brian,Navarro,brittanyjohnson@example.org,Scottview
91,Ruben,Martin,oharris@example.com,Brownburgh
92,Taylor,Cowan,slara@example.net,East Marilyn
93,Mike,Leonard,dunnlaura@example.org,Lewischester
94,Julie,Mccormick,wchan@example.net,New Davidfurt
95,Lauren,Nunez,amiller@example.com,Davisberg
96,Lauren,Campbell,qshah@example.com,East James
97,Stephanie,Jackson,rgallagher@example.org,Lake Petershire
98,Katelyn,French,pkemp@example.org,Jenniferside
99,Christine,Willis,dcamacho@example.com,New Joannaville
100,Nicole,Blake,parrishgregory@example.net,New Derek
